Freemind_Link_1942927879	Freemind_Link_1935685320	Freemind_Link_1942929718	Freemind_Link_1935710356	Freemind_Link_1935709279	Freemind_Link_1935677900	Freemind_Link_1935680659	Freemind_Link_1935805524	Freemind_Link_1935679106	Freemind_Link_1935712288	Freemind_Link_1935677075
Freemind_Link_1935679106	Freemind_Link_1935709279	Freemind_Link_1942929718	Freemind_Link_1935710356	Freemind_Link_1935685320	Freemind_Link_1935805524	Freemind_Link_1935680659	Freemind_Link_1935712288	Freemind_Link_1935677075
Freemind_Link_1935679012	Freemind_Link_1935680659	Freemind_Link_1942927751	Freemind_Link_1935679106	Freemind_Link_1935805524	Freemind_Link_1935677075	Freemind_Link_1935712288
Freemind_Link_1942927441	Freemind_Link_1942927751	Freemind_Link_1935679012	Freemind_Link_1935677900	Freemind_Link_1935685320	Freemind_Link_1942929718	Freemind_Link_1935709279	Freemind_Link_1935710356	Freemind_Link_1935805524	Freemind_Link_1935680659	Freemind_Link_1935712288	Freemind_Link_1935677075
Freemind_Link_1935712288	Freemind_Link_1942929718	Freemind_Link_1942927751	Freemind_Link_1935709279	Freemind_Link_1935679012	Freemind_Link_1935710356	Freemind_Link_1935680659	Freemind_Link_1935805524	Freemind_Link_1935677075
Freemind_Link_1935680719	Freemind_Link_1935677900	Freemind_Link_1935679012	Freemind_Link_1942929718	Freemind_Link_1935709279	Freemind_Link_1935685320	Freemind_Link_1935710356	Freemind_Link_1942927751	Freemind_Link_1935680659	Freemind_Link_1935679106	Freemind_Link_1935805524	Freemind_Link_1935677075	Freemind_Link_1935712288
Freemind_Link_1935683919	Freemind_Link_1942921271	Freemind_Link_1935803955	Freemind_Link_1935817711	Freemind_Link_1935680313	Freemind_Link_1935805524	Freemind_Link_1935679012	Freemind_Link_1942920079	Freemind_Link_1935679106	Freemind_Link_1935680719	Freemind_Link_1935677075	Freemind_Link_1935678557	Freemind_Link_1935677900	Freemind_Link_1942929718	Freemind_Link_1942927879	Freemind_Link_1935712288	Freemind_Link_1942927751	Freemind_Link_1942927441	Freemind_Link_1935709279	Freemind_Link_1935710356	Freemind_Link_1935685320
Freemind_Link_1935680963	Freemind_Link_1935679012	Freemind_Link_1935805524	Freemind_Link_1935678557	Freemind_Link_1935680313	Freemind_Link_1935680719	Freemind_Link_1942921271	Freemind_Link_1942920079	Freemind_Link_1935677900	Freemind_Link_1942927879	Freemind_Link_1942927751	Freemind_Link_1942927441	Freemind_Link_1935685320	Freemind_Link_1935712288	Freemind_Link_1935679106	Freemind_Link_1935677075	Freemind_Link_1935709279	Freemind_Link_1935710356	Freemind_Link_1942929718
Freemind_Link_1935680659	
Freemind_Link_1935677075	
Freemind_Link_1942921271	Freemind_Link_1942927751	Freemind_Link_1942927441	Freemind_Link_1942927879	Freemind_Link_1935679012	Freemind_Link_1935677900	Freemind_Link_1935712288	Freemind_Link_1935685320	Freemind_Link_1935709279	Freemind_Link_1935710356	Freemind_Link_1942929718	Freemind_Link_1935805524	Freemind_Link_1935680659
Freemind_Link_1935681163	Freemind_Link_1935679012	Freemind_Link_1942927441	Freemind_Link_1935685320	Freemind_Link_1935709279	Freemind_Link_1942929718	Freemind_Link_1942927751	Freemind_Link_1935710356	Freemind_Link_1935680659
Freemind_Link_1935678557	Freemind_Link_1935685320	Freemind_Link_1935679106	Freemind_Link_1935679012	Freemind_Link_1942927751	Freemind_Link_1935677900	Freemind_Link_1935710356	Freemind_Link_1935709279	Freemind_Link_1942929718	Freemind_Link_1935680659	Freemind_Link_1935805524	Freemind_Link_1935677075
Freemind_Link_1935680313	Freemind_Link_1942927751	Freemind_Link_1935677900	Freemind_Link_1935679012	Freemind_Link_1935685320	Freemind_Link_1942929718	Freemind_Link_1935709279	Freemind_Link_1935710356	Freemind_Link_1935680659	Freemind_Link_1935805524	Freemind_Link_1935712288	Freemind_Link_1935677075
Freemind_Link_1935678147	Freemind_Link_1935677900	Freemind_Link_1935685320	Freemind_Link_1935679106	Freemind_Link_1942927751	Freemind_Link_1935709279	Freemind_Link_1935679012	Freemind_Link_1942929718	Freemind_Link_1935710356	Freemind_Link_1935680659	Freemind_Link_1935805524
Freemind_Link_1935805524	Freemind_Link_1935679106	Freemind_Link_1935677900	Freemind_Link_1935685320	Freemind_Link_1935709279	Freemind_Link_1935679012	Freemind_Link_1942927751	Freemind_Link_1942929718	Freemind_Link_1935710356	Freemind_Link_1935680659
Freemind_Link_1942920079	Freemind_Link_1935677900	Freemind_Link_1935685320	Freemind_Link_1935679106	Freemind_Link_1942929718	Freemind_Link_1942927751	Freemind_Link_1935679012	Freemind_Link_1935709279	Freemind_Link_1935710356	Freemind_Link_1935805524	Freemind_Link_1935680659
Freemind_Link_1935803955	Freemind_Link_1935677075	Freemind_Link_1935679106	Freemind_Link_1942927879	Freemind_Link_1935712288	Freemind_Link_1942927441	Freemind_Link_1935685320	Freemind_Link_1942927751	Freemind_Link_1935677900	Freemind_Link_1935679012	Freemind_Link_1935710356	Freemind_Link_1942929718	Freemind_Link_1935709279
Freemind_Link_1935814137	Freemind_Link_1935677075	Freemind_Link_1935678557	Freemind_Link_1935679106	Freemind_Link_1935677900	Freemind_Link_1935679012	Freemind_Link_1942927441	Freemind_Link_1942927879	Freemind_Link_1935712288	Freemind_Link_1942927751	Freemind_Link_1935710356	Freemind_Link_1935685320	Freemind_Link_1942929718	Freemind_Link_1935709279	Freemind_Link_1935805524
Freemind_Link_1935810650	Freemind_Link_1935712288	Freemind_Link_1935677900	Freemind_Link_1935678557	Freemind_Link_1935677075	Freemind_Link_1942927879	Freemind_Link_1935805524	Freemind_Link_1935679106	Freemind_Link_1935679012	Freemind_Link_1942929718	Freemind_Link_1942927751	Freemind_Link_1942927441	Freemind_Link_1935709279	Freemind_Link_1935685320	Freemind_Link_1935710356	Freemind_Link_1935680659
Freemind_Link_1935710356	Freemind_Link_1935685320	Freemind_Link_1935709279	Freemind_Link_1942929718	Freemind_Link_1935677075	Freemind_Link_1935712288	Freemind_Link_1935677900	Freemind_Link_1942927751	Freemind_Link_1935679106
Freemind_Link_1935817711	Freemind_Link_1935685320	Freemind_Link_1935710356	Freemind_Link_1942929718	Freemind_Link_1935709279	Freemind_Link_1942927751	Freemind_Link_1935680659	Freemind_Link_1935805524	Freemind_Link_1935679106	Freemind_Link_1935677075	Freemind_Link_1935712288
Freemind_Link_1936046954	Freemind_Link_1942927751	Freemind_Link_1935709279	Freemind_Link_1935685320	Freemind_Link_1935679012	Freemind_Link_1935680719	Freemind_Link_1942929718	Freemind_Link_1935679106	Freemind_Link_1935710356	Freemind_Link_1935680659	Freemind_Link_1935805524	Freemind_Link_1935677075	Freemind_Link_1935712288
Freemind_Link_1935821821	Freemind_Link_1935679012	Freemind_Link_1935685320	Freemind_Link_1935680719	Freemind_Link_1935677900	Freemind_Link_1935709279	Freemind_Link_1935710356	Freemind_Link_1935805524	Freemind_Link_1935680659	Freemind_Link_1935712288	Freemind_Link_1935677075
Freemind_Link_1935819604	Freemind_Link_1935814137	Freemind_Link_1935680963	Freemind_Link_1935685320	Freemind_Link_1942927751	Freemind_Link_1942929718	Freemind_Link_1935679012	Freemind_Link_1935710356	Freemind_Link_1935803955	Freemind_Link_1935680313	Freemind_Link_1935679106	Freemind_Link_1942921271	Freemind_Link_1935677075	Freemind_Link_1935678557	Freemind_Link_1942920079	Freemind_Link_1935805524	Freemind_Link_1935712288	Freemind_Link_1942927879	Freemind_Link_1942927441
Freemind_Link_1935677900	Freemind_Link_1935679106	Freemind_Link_1935679012	Freemind_Link_1935710356	Freemind_Link_1935805524	Freemind_Link_1935680659	Freemind_Link_1935712288	Freemind_Link_1935677075
Freemind_Link_1942927751	
Freemind_Link_1942929718	Freemind_Link_1942927751	Freemind_Link_1935709279	Freemind_Link_1935679106	Freemind_Link_1935679012	Freemind_Link_1935710356	Freemind_Link_1935680659	Freemind_Link_1935805524	Freemind_Link_1935677075	Freemind_Link_1935712288
Freemind_Link_1935709279	Freemind_Link_1935679106	Freemind_Link_1942927751	Freemind_Link_1942929718	Freemind_Link_1935679012	Freemind_Link_1935710356	Freemind_Link_1935805524	Freemind_Link_1935680659	Freemind_Link_1935712288	Freemind_Link_1935677075
Freemind_Link_1935685320	Freemind_Link_1935679012	Freemind_Link_1942929718	Freemind_Link_1935709279	Freemind_Link_1942927751	Freemind_Link_1935710356	Freemind_Link_1935680659	Freemind_Link_1935805524	Freemind_Link_1935712288	Freemind_Link_1935677075
